customer_id,first_name,last_name,gender,age,city,loyalty_member,signup_date
1,Cust001,LN001,Female,39,Sapele,1,2023-07-07
2,Cust002,LN002,Female,51,Lagos,1,2024-02-19
3,Cust003,LN003,Male,40,Port Harcourt,0,2024-04-03
4,Cust004,LN004,Male,69,Ughelli,0,2021-08-14
5,Cust005,LN005,Female,56,Warri,0,2023-05-23
6,Cust006,LN006,Other,48,Benin City,0,2021-03-26
7,Cust007,LN007,Other,35,Ughelli,0,2022-11-16
8,Cust008,LN008,Male,22,Ughelli,1,2020-10-01
9,Cust009,LN009,Other,48,Warri,0,2021-08-12
10,Cust010,LN010,Male,37,Benin City,0,2019-02-07
11,Cust011,LN011,Male,66,Warri,1,2022-07-30
12,Cust012,LN012,Male,42,Lagos,1,2021-03-08
13,Cust013,LN013,Female,43,Ughelli,0,2023-02-13
14,Cust014,LN014,Male,76,Port Harcourt,0,2023-03-20
15,Cust015,LN015,Other,50,Asaba,1,2023-03-16
16,Cust016,LN016,Male,32,Port Harcourt,1,2019-06-07
17,Cust017,LN017,Female,61,Port Harcourt,1,2019-04-09
18,Cust018,LN018,Male,52,Ughelli,1,2020-05-11
19,Cust019,LN019,Other,61,Warri,1,2022-01-27
20,Cust020,LN020,Female,75,Abuja,1,2019-07-10
21,Cust021,LN021,Female,47,Abuja,1,2022-07-03
22,Cust022,LN022,Other,33,Port Harcourt,0,2023-10-25
23,Cust023,LN023,Other,69,Benin City,0,2024-03-10
24,Cust024,LN024,Male,61,Warri,0,2022-08-04
25,Cust025,LN025,Other,62,Abuja,1,2021-08-19
26,Cust026,LN026,Male,42,Lagos,0,2021-02-23
27,Cust027,LN027,Male,48,Ughelli,0,2019-09-03
28,Cust028,LN028,Other,63,Ughelli,0,2023-09-02
29,Cust029,LN029,Male,41,Port Harcourt,1,2021-07-09
30,Cust030,LN030,Male,39,Abuja,1,2023-03-10
31,Cust031,LN031,Female,22,Sapele,0,2020-11-15
32,Cust032,LN032,Male,35,Ughelli,0,2020-05-26
33,Cust033,LN033,Other,31,Port Harcourt,0,2024-03-21
34,Cust034,LN034,Male,30,Warri,0,2021-04-13
35,Cust035,LN035,Male,47,Benin City,0,2021-05-03
36,Cust036,LN036,Male,66,Ughelli,0,2020-07-28
37,Cust037,LN037,Female,77,Abuja,0,2019-11-10
38,Cust038,LN038,Male,73,Port Harcourt,0,2023-09-12
39,Cust039,LN039,Male,57,Abuja,1,2021-12-13
40,Cust040,LN040,Female,75,Asaba,0,2019-09-21
41,Cust041,LN041,Female,68,Benin City,0,2023-07-02
42,Cust042,LN042,Female,20,Sapele,0,2021-02-12
43,Cust043,LN043,Female,62,Sapele,0,2021-07-24
44,Cust044,LN044,Male,67,Port Harcourt,0,2020-01-05
45,Cust045,LN045,Female,45,Ughelli,0,2019-04-30
46,Cust046,LN046,Male,78,Ughelli,0,2021-12-17
47,Cust047,LN047,Other,70,Benin City,0,2023-02-06
48,Cust048,LN048,Male,77,Lagos,1,2022-11-17
49,Cust049,LN049,Other,27,Benin City,0,2021-12-17
50,Cust050,LN050,Other,16,Port Harcourt,0,2022-01-24
51,Cust051,LN051,Male,63,Asaba,0,2022-06-14
52,Cust052,LN052,Male,16,Warri,1,2020-12-04
53,Cust053,LN053,Other,78,Warri,0,2021-05-10
54,Cust054,LN054,Other,41,Warri,0,2021-09-23
55,Cust055,LN055,Female,72,Ughelli,0,2022-05-28
56,Cust056,LN056,Other,62,Warri,0,2023-11-09
57,Cust057,LN057,Other,77,Ughelli,1,2022-05-12
58,Cust058,LN058,Other,31,Benin City,0,2020-03-07
59,Cust059,LN059,Female,54,Warri,0,2022-07-01
60,Cust060,LN060,Female,38,Lagos,0,2023-11-17
61,Cust061,LN061,Other,49,Ughelli,0,2024-04-13
62,Cust062,LN062,Male,34,Lagos,0,2021-02-07
63,Cust063,LN063,Female,19,Sapele,0,2019-12-02
64,Cust064,LN064,Other,17,Asaba,0,2021-06-14
65,Cust065,LN065,Female,47,Sapele,1,2023-08-15
66,Cust066,LN066,Male,27,Lagos,0,2020-01-15
67,Cust067,LN067,Female,48,Benin City,0,2020-11-21
68,Cust068,LN068,Male,58,Warri,1,2024-02-02
69,Cust069,LN069,Other,80,Ughelli,1,2024-02-09
70,Cust070,LN070,Male,58,Sapele,0,2020-02-01
71,Cust071,LN071,Male,27,Lagos,0,2024-04-05
72,Cust072,LN072,Female,50,Ughelli,0,2019-03-31
73,Cust073,LN073,Male,23,Sapele,0,2021-08-27
74,Cust074,LN074,Other,49,Port Harcourt,0,2024-04-10
75,Cust075,LN075,Other,73,Sapele,0,2023-02-25
76,Cust076,LN076,Other,44,Benin City,0,2020-12-29
77,Cust077,LN077,Other,36,Sapele,1,2020-11-06
78,Cust078,LN078,Male,25,Warri,0,2021-07-08
79,Cust079,LN079,Male,79,Sapele,0,2022-01-27
80,Cust080,LN080,Other,51,Warri,0,2019-04-06
81,Cust081,LN081,Female,39,Asaba,1,2023-10-26
82,Cust082,LN082,Other,52,Sapele,0,2023-09-15
83,Cust083,LN083,Other,28,Ughelli,1,2021-05-16
84,Cust084,LN084,Male,45,Lagos,1,2019-03-03
85,Cust085,LN085,Other,28,Sapele,1,2019-06-26
86,Cust086,LN086,Female,27,Port Harcourt,1,2024-04-22
87,Cust087,LN087,Male,24,Benin City,0,2020-12-18
88,Cust088,LN088,Female,67,Abuja,0,2022-10-22
89,Cust089,LN089,Male,31,Benin City,0,2022-01-27
90,Cust090,LN090,Male,27,Lagos,0,2021-06-09
91,Cust091,LN091,Male,68,Sapele,1,2020-07-22
92,Cust092,LN092,Other,54,Port Harcourt,0,2021-12-01
93,Cust093,LN093,Other,73,Abuja,0,2022-05-31
94,Cust094,LN094,Male,20,Benin City,1,2021-01-02
95,Cust095,LN095,Other,33,Warri,1,2021-10-29
96,Cust096,LN096,Other,73,Asaba,0,2022-06-30
97,Cust097,LN097,Female,22,Benin City,0,2022-04-06
98,Cust098,LN098,Female,57,Asaba,0,2021-03-05
99,Cust099,LN099,Male,20,Asaba,0,2022-12-16
100,Cust100,LN100,Female,23,Sapele,0,2024-01-31
101,Cust101,LN101,Female,32,Benin City,1,2019-08-05
102,Cust102,LN102,Other,60,Ughelli,1,2021-12-29
103,Cust103,LN103,Other,46,Ughelli,0,2021-05-25
104,Cust104,LN104,Female,69,Warri,1,2020-12-14
105,Cust105,LN105,Other,34,Abuja,0,2023-01-14
106,Cust106,LN106,Male,60,Asaba,0,2022-05-28
107,Cust107,LN107,Male,73,Asaba,1,2020-03-31
108,Cust108,LN108,Male,76,Abuja,1,2024-05-12
109,Cust109,LN109,Other,16,Asaba,0,2019-12-14
110,Cust110,LN110,Female,77,Lagos,0,2023-03-12
111,Cust111,LN111,Female,40,Ughelli,1,2021-07-22
112,Cust112,LN112,Other,21,Asaba,1,2020-11-15
113,Cust113,LN113,Female,47,Warri,0,2021-03-25
114,Cust114,LN114,Female,36,Benin City,0,2022-05-21
115,Cust115,LN115,Male,51,Ughelli,0,2023-04-05
116,Cust116,LN116,Female,72,Port Harcourt,0,2022-06-10
117,Cust117,LN117,Male,64,Sapele,0,2022-12-09
118,Cust118,LN118,Male,16,Ughelli,0,2024-03-24
119,Cust119,LN119,Female,18,Ughelli,1,2024-05-30
120,Cust120,LN120,Female,27,Lagos,1,2021-02-22
121,Cust121,LN121,Female,39,Warri,0,2021-10-28
122,Cust122,LN122,Other,51,Lagos,0,2020-11-28
123,Cust123,LN123,Other,75,Abuja,0,2021-01-01
124,Cust124,LN124,Male,56,Lagos,0,2024-04-30
125,Cust125,LN125,Female,78,Warri,0,2021-07-17
126,Cust126,LN126,Other,44,Asaba,0,2023-04-20
127,Cust127,LN127,Male,21,Sapele,1,2019-09-13
128,Cust128,LN128,Other,62,Warri,1,2019-01-10
129,Cust129,LN129,Female,71,Abuja,1,2022-06-28
130,Cust130,LN130,Female,20,Lagos,0,2023-12-30
131,Cust131,LN131,Female,80,Warri,0,2022-06-16
132,Cust132,LN132,Female,64,Ughelli,0,2022-07-29
133,Cust133,LN133,Other,78,Benin City,0,2021-04-06
134,Cust134,LN134,Male,42,Abuja,0,2024-05-06
135,Cust135,LN135,Female,16,Ughelli,0,2021-04-02
136,Cust136,LN136,Male,21,Abuja,0,2020-12-09
137,Cust137,LN137,Other,20,Lagos,1,2022-12-31
138,Cust138,LN138,Other,38,Lagos,1,2020-11-07
139,Cust139,LN139,Other,32,Warri,0,2020-04-01
140,Cust140,LN140,Other,16,Sapele,1,2020-12-17
141,Cust141,LN141,Other,19,Sapele,0,2021-05-30
142,Cust142,LN142,Female,47,Abuja,0,2019-04-05
143,Cust143,LN143,Other,54,Abuja,0,2020-11-04
144,Cust144,LN144,Other,69,Sapele,1,2024-03-29
145,Cust145,LN145,Male,65,Asaba,1,2021-12-13
146,Cust146,LN146,Other,20,Abuja,0,2021-02-01
147,Cust147,LN147,Other,72,Abuja,0,2021-02-05
148,Cust148,LN148,Other,62,Asaba,0,2022-06-06
149,Cust149,LN149,Female,29,Sapele,1,2020-03-10
150,Cust150,LN150,Female,53,Benin City,0,2021-01-07
151,Cust151,LN151,Male,53,Sapele,0,2024-02-17
152,Cust152,LN152,Other,45,Abuja,0,2020-03-10
153,Cust153,LN153,Female,78,Lagos,1,2019-09-06
154,Cust154,LN154,Female,53,Port Harcourt,0,2022-09-20
155,Cust155,LN155,Other,45,Ughelli,0,2023-05-06
156,Cust156,LN156,Other,20,Port Harcourt,1,2019-05-18
157,Cust157,LN157,Other,71,Asaba,1,2021-02-23
158,Cust158,LN158,Female,49,Warri,0,2023-01-13
159,Cust159,LN159,Male,58,Lagos,0,2024-03-21
160,Cust160,LN160,Other,38,Ughelli,0,2019-04-05
161,Cust161,LN161,Male,31,Sapele,0,2019-12-26
162,Cust162,LN162,Male,19,Ughelli,0,2022-05-03
163,Cust163,LN163,Male,42,Benin City,0,2024-05-23
164,Cust164,LN164,Female,76,Ughelli,0,2022-11-27
165,Cust165,LN165,Female,36,Warri,0,2020-08-26
166,Cust166,LN166,Other,57,Abuja,0,2022-11-29
167,Cust167,LN167,Other,16,Ughelli,0,2020-06-07
168,Cust168,LN168,Female,61,Abuja,0,2022-01-06
169,Cust169,LN169,Male,60,Abuja,0,2021-03-04
170,Cust170,LN170,Other,62,Asaba,0,2019-08-27
171,Cust171,LN171,Male,71,Benin City,1,2021-04-10
172,Cust172,LN172,Male,63,Abuja,0,2021-11-15
173,Cust173,LN173,Other,51,Asaba,1,2020-09-16
174,Cust174,LN174,Male,67,Port Harcourt,0,2020-09-30
175,Cust175,LN175,Male,71,Ughelli,0,2020-04-18
176,Cust176,LN176,Male,43,Port Harcourt,0,2022-05-24
177,Cust177,LN177,Other,17,Port Harcourt,1,2020-06-09
178,Cust178,LN178,Female,74,Lagos,0,2021-10-27
179,Cust179,LN179,Other,18,Abuja,1,2021-01-19
180,Cust180,LN180,Male,33,Port Harcourt,0,2021-01-08
181,Cust181,LN181,Female,30,Port Harcourt,0,2023-07-13
182,Cust182,LN182,Male,43,Sapele,0,2024-05-30
183,Cust183,LN183,Other,32,Sapele,0,2023-02-06
184,Cust184,LN184,Other,59,Port Harcourt,0,2023-03-29
185,Cust185,LN185,Female,40,Ughelli,0,2019-03-08
186,Cust186,LN186,Male,33,Port Harcourt,0,2019-04-21
187,Cust187,LN187,Male,49,Sapele,0,2024-05-13
188,Cust188,LN188,Female,57,Sapele,0,2023-03-22
189,Cust189,LN189,Other,67,Lagos,0,2023-10-28
190,Cust190,LN190,Male,74,Warri,0,2021-05-26
191,Cust191,LN191,Male,48,Asaba,0,2019-10-04
192,Cust192,LN192,Other,19,Abuja,1,2023-01-09
193,Cust193,LN193,Other,77,Asaba,1,2023-08-15
194,Cust194,LN194,Male,70,Ughelli,1,2021-06-17
195,Cust195,LN195,Female,46,Abuja,0,2020-07-01
196,Cust196,LN196,Other,39,Lagos,0,2022-09-07
197,Cust197,LN197,Female,19,Port Harcourt,0,2019-04-28
198,Cust198,LN198,Male,66,Benin City,1,2019-07-13
199,Cust199,LN199,Female,23,Abuja,0,2019-06-22
200,Cust200,LN200,Other,59,Benin City,0,2022-12-04
201,Cust201,LN201,Female,34,Abuja,0,2020-06-15
202,Cust202,LN202,Female,27,Benin City,0,2019-03-31
203,Cust203,LN203,Female,29,Sapele,0,2024-01-03
204,Cust204,LN204,Other,26,Abuja,1,2021-04-24
205,Cust205,LN205,Female,18,Ughelli,0,2020-11-20
206,Cust206,LN206,Female,25,Ughelli,0,2023-08-01
207,Cust207,LN207,Female,59,Abuja,0,2022-04-06
208,Cust208,LN208,Female,17,Benin City,0,2022-09-04
209,Cust209,LN209,Other,32,Lagos,0,2021-06-29
210,Cust210,LN210,Other,39,Abuja,0,2022-12-13
211,Cust211,LN211,Female,64,Asaba,1,2024-06-02
212,Cust212,LN212,Other,65,Asaba,0,2020-01-11
213,Cust213,LN213,Female,24,Benin City,0,2023-04-20
214,Cust214,LN214,Male,16,Benin City,1,2021-07-06
215,Cust215,LN215,Male,75,Abuja,1,2024-02-07
216,Cust216,LN216,Male,26,Port Harcourt,1,2019-09-27
217,Cust217,LN217,Female,75,Benin City,0,2020-12-25
218,Cust218,LN218,Female,52,Abuja,1,2022-11-03
219,Cust219,LN219,Female,41,Ughelli,1,2020-08-23
220,Cust220,LN220,Female,57,Lagos,0,2019-10-23
221,Cust221,LN221,Female,54,Abuja,1,2021-03-10
222,Cust222,LN222,Female,66,Abuja,0,2024-03-03
223,Cust223,LN223,Female,38,Warri,0,2021-09-19
224,Cust224,LN224,Other,40,Benin City,0,2021-10-03
225,Cust225,LN225,Female,68,Benin City,1,2024-05-24
226,Cust226,LN226,Other,54,Ughelli,0,2023-07-28
227,Cust227,LN227,Other,22,Warri,1,2020-07-07
228,Cust228,LN228,Male,79,Benin City,0,2023-07-05
229,Cust229,LN229,Male,44,Ughelli,0,2020-04-22
230,Cust230,LN230,Other,42,Benin City,1,2020-07-03
231,Cust231,LN231,Male,72,Asaba,0,2021-09-23
232,Cust232,LN232,Female,42,Asaba,1,2022-07-01
233,Cust233,LN233,Other,25,Warri,0,2024-02-09
234,Cust234,LN234,Female,53,Ughelli,0,2021-03-25
235,Cust235,LN235,Female,67,Sapele,0,2022-03-26
236,Cust236,LN236,Other,23,Asaba,0,2019-02-16
237,Cust237,LN237,Male,60,Warri,1,2019-04-05
238,Cust238,LN238,Male,51,Sapele,0,2024-01-09
239,Cust239,LN239,Female,42,Benin City,0,2019-01-11
240,Cust240,LN240,Female,53,Abuja,0,2019-01-23
241,Cust241,LN241,Male,62,Ughelli,0,2019-12-29
242,Cust242,LN242,Male,27,Ughelli,1,2023-06-28
243,Cust243,LN243,Other,77,Sapele,0,2021-09-19
244,Cust244,LN244,Other,75,Warri,0,2021-09-30
245,Cust245,LN245,Female,20,Benin City,1,2024-02-07
246,Cust246,LN246,Other,46,Abuja,0,2021-10-10
247,Cust247,LN247,Male,66,Lagos,1,2022-08-12
248,Cust248,LN248,Male,56,Lagos,1,2022-12-01
249,Cust249,LN249,Female,16,Abuja,0,2022-11-29
250,Cust250,LN250,Female,51,Warri,0,2021-04-04
251,Cust251,LN251,Other,16,Lagos,1,2020-07-20
252,Cust252,LN252,Other,55,Port Harcourt,0,2022-12-25
253,Cust253,LN253,Female,68,Asaba,0,2022-12-30
254,Cust254,LN254,Other,72,Asaba,0,2021-07-25
255,Cust255,LN255,Other,50,Sapele,0,2020-06-20
256,Cust256,LN256,Female,53,Port Harcourt,0,2022-05-18
257,Cust257,LN257,Other,49,Abuja,1,2020-10-01
258,Cust258,LN258,Female,58,Sapele,0,2021-02-01
259,Cust259,LN259,Male,66,Ughelli,0,2019-01-25
260,Cust260,LN260,Female,67,Sapele,0,2024-02-23
261,Cust261,LN261,Female,48,Ughelli,0,2019-03-04
262,Cust262,LN262,Female,37,Abuja,0,2024-03-20
263,Cust263,LN263,Female,64,Benin City,0,2022-01-12
264,Cust264,LN264,Male,64,Lagos,0,2019-12-08
265,Cust265,LN265,Male,78,Port Harcourt,1,2020-07-14
266,Cust266,LN266,Female,16,Lagos,0,2021-09-16
267,Cust267,LN267,Female,66,Lagos,0,2020-12-23
268,Cust268,LN268,Other,77,Sapele,0,2019-10-12
269,Cust269,LN269,Other,64,Benin City,0,2019-10-13
270,Cust270,LN270,Male,31,Ughelli,0,2019-01-18
271,Cust271,LN271,Other,16,Ughelli,1,2022-04-13
272,Cust272,LN272,Female,53,Abuja,1,2023-07-26
273,Cust273,LN273,Other,16,Ughelli,0,2019-02-24
274,Cust274,LN274,Other,18,Port Harcourt,0,2023-01-21
275,Cust275,LN275,Female,49,Port Harcourt,0,2019-03-28
276,Cust276,LN276,Male,70,Benin City,0,2022-04-16
277,Cust277,LN277,Male,22,Sapele,0,2021-04-12
278,Cust278,LN278,Other,72,Abuja,0,2020-03-18
279,Cust279,LN279,Female,69,Ughelli,0,2022-06-06
280,Cust280,LN280,Female,66,Lagos,0,2021-10-03
281,Cust281,LN281,Female,23,Lagos,0,2019-04-06
282,Cust282,LN282,Female,47,Lagos,1,2020-05-05
283,Cust283,LN283,Female,31,Port Harcourt,0,2019-06-14
284,Cust284,LN284,Female,69,Sapele,0,2021-01-04
285,Cust285,LN285,Male,70,Ughelli,1,2019-01-07
286,Cust286,LN286,Female,22,Ughelli,1,2022-01-13
287,Cust287,LN287,Other,34,Warri,0,2021-07-03
288,Cust288,LN288,Male,51,Asaba,0,2019-03-23
289,Cust289,LN289,Other,17,Ughelli,1,2020-12-09
290,Cust290,LN290,Female,35,Port Harcourt,0,2021-10-19
291,Cust291,LN291,Male,17,Sapele,0,2022-02-16
292,Cust292,LN292,Female,27,Ughelli,1,2021-03-15
293,Cust293,LN293,Female,53,Ughelli,1,2021-06-23
294,Cust294,LN294,Female,68,Asaba,0,2023-03-04
295,Cust295,LN295,Other,39,Benin City,0,2022-03-27
296,Cust296,LN296,Female,74,Asaba,1,2019-05-08
297,Cust297,LN297,Male,29,Benin City,1,2024-06-08
298,Cust298,LN298,Other,40,Sapele,0,2023-11-17
299,Cust299,LN299,Other,37,Asaba,1,2019-01-04
300,Cust300,LN300,Male,41,Port Harcourt,0,2022-02-06
301,Cust301,LN301,Other,52,Benin City,0,2022-03-15
302,Cust302,LN302,Female,57,Sapele,0,2021-07-22
303,Cust303,LN303,Female,49,Port Harcourt,0,2022-03-22
304,Cust304,LN304,Male,42,Lagos,1,2020-10-07
305,Cust305,LN305,Female,55,Benin City,0,2023-11-08
306,Cust306,LN306,Male,68,Port Harcourt,0,2023-09-05
307,Cust307,LN307,Female,32,Warri,0,2023-02-08
308,Cust308,LN308,Male,77,Port Harcourt,0,2023-05-19
309,Cust309,LN309,Male,17,Benin City,0,2022-10-18
310,Cust310,LN310,Other,80,Asaba,0,2022-08-08
311,Cust311,LN311,Male,41,Sapele,0,2023-12-08
312,Cust312,LN312,Male,55,Ughelli,0,2020-11-06
313,Cust313,LN313,Other,74,Abuja,0,2022-06-04
314,Cust314,LN314,Other,69,Ughelli,0,2020-09-14
315,Cust315,LN315,Female,39,Abuja,1,2019-03-10
316,Cust316,LN316,Female,71,Port Harcourt,0,2023-04-21
317,Cust317,LN317,Female,35,Abuja,0,2022-06-21
318,Cust318,LN318,Other,77,Benin City,1,2020-04-26
319,Cust319,LN319,Male,41,Warri,0,2019-03-14
320,Cust320,LN320,Female,55,Ughelli,1,2022-05-25
321,Cust321,LN321,Male,76,Warri,0,2019-02-11
322,Cust322,LN322,Male,40,Ughelli,0,2019-05-11
323,Cust323,LN323,Male,59,Warri,1,2019-04-12
324,Cust324,LN324,Female,27,Benin City,0,2021-12-03
325,Cust325,LN325,Other,74,Port Harcourt,1,2021-08-14
326,Cust326,LN326,Female,32,Port Harcourt,1,2024-01-21
327,Cust327,LN327,Male,62,Benin City,0,2023-06-04
328,Cust328,LN328,Other,23,Sapele,0,2022-01-09
329,Cust329,LN329,Other,40,Sapele,1,2022-07-15
330,Cust330,LN330,Male,30,Port Harcourt,0,2020-05-03
331,Cust331,LN331,Female,41,Ughelli,0,2021-02-16
332,Cust332,LN332,Female,31,Ughelli,1,2024-04-26
333,Cust333,LN333,Other,41,Warri,0,2019-09-07
334,Cust334,LN334,Other,22,Ughelli,0,2020-09-20
335,Cust335,LN335,Female,22,Asaba,0,2020-11-18
336,Cust336,LN336,Male,74,Asaba,1,2020-08-16
337,Cust337,LN337,Male,54,Benin City,0,2023-01-06
338,Cust338,LN338,Other,32,Sapele,0,2022-03-21
339,Cust339,LN339,Female,75,Sapele,0,2019-05-11
340,Cust340,LN340,Female,52,Warri,0,2021-09-12
341,Cust341,LN341,Other,70,Sapele,0,2019-02-08
342,Cust342,LN342,Female,30,Abuja,1,2023-03-20
343,Cust343,LN343,Female,40,Port Harcourt,1,2022-03-30
344,Cust344,LN344,Other,31,Warri,0,2022-02-05
345,Cust345,LN345,Female,70,Benin City,0,2020-06-29
346,Cust346,LN346,Other,45,Lagos,0,2023-12-10
347,Cust347,LN347,Male,28,Sapele,0,2023-06-20
348,Cust348,LN348,Male,54,Warri,0,2019-01-29
349,Cust349,LN349,Other,77,Benin City,0,2019-11-14
350,Cust350,LN350,Other,72,Sapele,0,2023-11-07
351,Cust351,LN351,Male,25,Benin City,0,2022-10-14
352,Cust352,LN352,Other,20,Port Harcourt,1,2023-09-09
353,Cust353,LN353,Female,18,Port Harcourt,0,2020-01-11
354,Cust354,LN354,Other,45,Asaba,1,2019-05-26
355,Cust355,LN355,Other,77,Abuja,0,2020-03-07
356,Cust356,LN356,Male,80,Port Harcourt,1,2024-06-21
357,Cust357,LN357,Female,30,Port Harcourt,0,2022-09-29
358,Cust358,LN358,Female,27,Abuja,1,2024-01-03
359,Cust359,LN359,Other,76,Lagos,0,2022-11-04
360,Cust360,LN360,Male,54,Warri,1,2022-08-18
361,Cust361,LN361,Female,26,Lagos,1,2019-08-14
362,Cust362,LN362,Female,40,Port Harcourt,1,2021-02-10
363,Cust363,LN363,Other,74,Abuja,0,2024-02-28
364,Cust364,LN364,Female,78,Benin City,0,2022-06-20
365,Cust365,LN365,Female,72,Warri,0,2021-01-22
366,Cust366,LN366,Female,18,Sapele,1,2023-03-21
367,Cust367,LN367,Female,20,Warri,0,2020-12-27
368,Cust368,LN368,Other,64,Benin City,0,2021-11-09
369,Cust369,LN369,Female,76,Port Harcourt,0,2020-02-23
370,Cust370,LN370,Male,65,Benin City,0,2022-03-14
371,Cust371,LN371,Other,18,Lagos,1,2021-02-19
372,Cust372,LN372,Other,29,Port Harcourt,1,2022-07-14
373,Cust373,LN373,Male,71,Port Harcourt,0,2021-09-14
374,Cust374,LN374,Female,44,Ughelli,1,2021-07-09
375,Cust375,LN375,Female,57,Asaba,1,2019-02-09
376,Cust376,LN376,Other,40,Port Harcourt,0,2021-08-12
377,Cust377,LN377,Male,53,Port Harcourt,0,2024-04-08
378,Cust378,LN378,Other,63,Benin City,0,2020-03-29
379,Cust379,LN379,Other,52,Ughelli,0,2021-08-30
380,Cust380,LN380,Female,43,Asaba,0,2020-08-15
381,Cust381,LN381,Other,55,Benin City,1,2019-11-14
382,Cust382,LN382,Male,73,Abuja,0,2021-11-29
383,Cust383,LN383,Male,55,Ughelli,0,2023-11-08
384,Cust384,LN384,Male,48,Port Harcourt,1,2022-03-16
385,Cust385,LN385,Female,55,Asaba,0,2020-07-24
386,Cust386,LN386,Other,74,Sapele,0,2021-02-19
387,Cust387,LN387,Female,60,Sapele,0,2022-04-08
388,Cust388,LN388,Female,78,Port Harcourt,0,2020-11-30
389,Cust389,LN389,Female,22,Ughelli,1,2020-07-10
390,Cust390,LN390,Female,73,Asaba,0,2021-11-20
391,Cust391,LN391,Other,38,Ughelli,0,2020-11-02
392,Cust392,LN392,Male,68,Asaba,1,2024-05-04
393,Cust393,LN393,Female,17,Sapele,1,2023-03-28
394,Cust394,LN394,Other,54,Lagos,0,2023-03-29
395,Cust395,LN395,Male,61,Sapele,0,2022-06-10
396,Cust396,LN396,Other,32,Sapele,0,2021-05-15
397,Cust397,LN397,Other,75,Sapele,0,2019-12-31
398,Cust398,LN398,Male,50,Port Harcourt,0,2020-04-11
399,Cust399,LN399,Other,45,Port Harcourt,0,2022-06-10
400,Cust400,LN400,Female,78,Port Harcourt,0,2019-12-01
401,Cust401,LN401,Other,52,Lagos,0,2022-05-04
402,Cust402,LN402,Female,35,Abuja,0,2022-06-19
403,Cust403,LN403,Male,79,Lagos,1,2021-07-06
404,Cust404,LN404,Other,32,Ughelli,0,2020-12-05
405,Cust405,LN405,Male,37,Abuja,0,2019-07-29
406,Cust406,LN406,Male,65,Abuja,1,2020-11-17
407,Cust407,LN407,Other,44,Lagos,0,2021-02-01
408,Cust408,LN408,Other,67,Port Harcourt,1,2021-10-27
409,Cust409,LN409,Female,44,Abuja,0,2023-07-28
410,Cust410,LN410,Female,47,Asaba,1,2020-07-23
411,Cust411,LN411,Male,41,Benin City,0,2021-01-07
412,Cust412,LN412,Male,44,Lagos,1,2022-01-27
413,Cust413,LN413,Male,28,Port Harcourt,1,2022-07-18
414,Cust414,LN414,Male,44,Port Harcourt,0,2021-06-02
415,Cust415,LN415,Female,47,Asaba,0,2021-08-31
416,Cust416,LN416,Male,37,Asaba,0,2023-09-27
417,Cust417,LN417,Female,71,Port Harcourt,0,2019-01-21
418,Cust418,LN418,Other,62,Lagos,0,2024-06-01
419,Cust419,LN419,Other,21,Abuja,1,2023-01-16
420,Cust420,LN420,Female,18,Warri,0,2020-07-23
421,Cust421,LN421,Female,53,Abuja,0,2024-06-03
422,Cust422,LN422,Other,50,Port Harcourt,0,2021-03-03
423,Cust423,LN423,Other,39,Benin City,0,2022-07-18
424,Cust424,LN424,Male,42,Warri,1,2020-03-05
425,Cust425,LN425,Male,32,Sapele,0,2020-06-03
426,Cust426,LN426,Female,42,Warri,1,2019-07-18
427,Cust427,LN427,Other,18,Warri,1,2024-05-17
428,Cust428,LN428,Female,68,Warri,1,2020-01-13
429,Cust429,LN429,Other,18,Asaba,0,2020-06-10
430,Cust430,LN430,Male,40,Sapele,0,2020-03-30
431,Cust431,LN431,Female,32,Benin City,0,2024-02-19
432,Cust432,LN432,Female,24,Benin City,0,2021-10-13
433,Cust433,LN433,Female,75,Lagos,0,2021-10-10
434,Cust434,LN434,Male,17,Abuja,1,2020-01-30
435,Cust435,LN435,Other,79,Ughelli,0,2019-03-13
436,Cust436,LN436,Other,36,Abuja,0,2022-09-05
437,Cust437,LN437,Male,53,Asaba,0,2022-08-17
438,Cust438,LN438,Male,48,Asaba,1,2022-12-19
439,Cust439,LN439,Other,23,Abuja,1,2023-09-11
440,Cust440,LN440,Female,56,Ughelli,0,2021-06-07
441,Cust441,LN441,Male,61,Asaba,0,2020-08-14
442,Cust442,LN442,Other,69,Port Harcourt,0,2023-08-11
443,Cust443,LN443,Female,48,Sapele,0,2024-05-05
444,Cust444,LN444,Other,17,Sapele,0,2023-11-04
445,Cust445,LN445,Female,45,Benin City,0,2019-04-26
446,Cust446,LN446,Other,41,Sapele,0,2019-07-13
447,Cust447,LN447,Male,53,Asaba,0,2023-09-06
448,Cust448,LN448,Female,30,Port Harcourt,0,2021-06-05
449,Cust449,LN449,Other,59,Sapele,0,2024-06-17
450,Cust450,LN450,Other,76,Abuja,1,2024-04-09
451,Cust451,LN451,Female,24,Sapele,1,2022-10-14
452,Cust452,LN452,Male,47,Sapele,0,2020-12-16
453,Cust453,LN453,Female,23,Abuja,1,2024-02-27
454,Cust454,LN454,Male,77,Warri,1,2019-04-21
455,Cust455,LN455,Other,22,Abuja,0,2019-07-27
456,Cust456,LN456,Other,19,Lagos,0,2019-01-22
457,Cust457,LN457,Other,41,Sapele,0,2022-02-24
458,Cust458,LN458,Male,56,Sapele,0,2019-01-14
459,Cust459,LN459,Female,27,Abuja,0,2021-06-27
460,Cust460,LN460,Other,40,Benin City,1,2019-05-02
461,Cust461,LN461,Other,34,Benin City,1,2022-10-11
462,Cust462,LN462,Female,60,Port Harcourt,0,2023-07-13
463,Cust463,LN463,Other,68,Ughelli,0,2019-11-03
464,Cust464,LN464,Male,59,Lagos,0,2021-07-02
465,Cust465,LN465,Other,37,Ughelli,0,2019-11-08
466,Cust466,LN466,Other,74,Sapele,0,2023-10-04
467,Cust467,LN467,Other,50,Asaba,0,2024-05-27
468,Cust468,LN468,Other,78,Warri,0,2021-06-21
469,Cust469,LN469,Female,64,Benin City,1,2019-06-08
470,Cust470,LN470,Male,73,Port Harcourt,1,2020-02-08
471,Cust471,LN471,Other,52,Lagos,0,2022-10-19
472,Cust472,LN472,Male,35,Asaba,0,2023-05-05
473,Cust473,LN473,Female,64,Sapele,0,2023-06-29
474,Cust474,LN474,Male,51,Abuja,0,2021-05-15
475,Cust475,LN475,Male,49,Ughelli,1,2019-10-22
476,Cust476,LN476,Other,57,Lagos,1,2019-07-05
477,Cust477,LN477,Male,27,Sapele,0,2020-06-13
478,Cust478,LN478,Female,55,Sapele,1,2023-10-27
479,Cust479,LN479,Other,41,Sapele,1,2021-01-21
480,Cust480,LN480,Male,57,Lagos,0,2019-11-30
481,Cust481,LN481,Male,17,Port Harcourt,0,2021-04-16
482,Cust482,LN482,Male,53,Asaba,0,2019-11-14
483,Cust483,LN483,Other,75,Abuja,0,2019-01-14
484,Cust484,LN484,Male,17,Lagos,0,2022-03-14
485,Cust485,LN485,Male,43,Abuja,0,2022-06-06
486,Cust486,LN486,Other,20,Sapele,0,2022-12-18
487,Cust487,LN487,Female,71,Warri,0,2021-07-07
488,Cust488,LN488,Other,62,Lagos,0,2021-10-30
489,Cust489,LN489,Other,29,Sapele,0,2023-06-17
490,Cust490,LN490,Other,25,Abuja,0,2022-10-16
491,Cust491,LN491,Male,16,Lagos,0,2023-12-05
492,Cust492,LN492,Female,58,Ughelli,1,2019-11-09
493,Cust493,LN493,Other,79,Benin City,0,2022-07-31
494,Cust494,LN494,Other,52,Lagos,0,2022-05-12
495,Cust495,LN495,Other,52,Ughelli,1,2023-07-14
496,Cust496,LN496,Other,59,Warri,0,2022-10-22
497,Cust497,LN497,Other,21,Port Harcourt,0,2021-08-14
498,Cust498,LN498,Other,35,Sapele,0,2023-07-24
499,Cust499,LN499,Male,52,Abuja,1,2021-03-07
500,Cust500,LN500,Male,16,Asaba,0,2019-07-17
